Timestamp,(1) What did you have for breakfast today from the dining hall?,(2) What did you have for lunch from the dining hall? (yesterday),(3) What did you have for dinner from the dining hall? (yesterday),How have you liked the dining hall food so far?
7/8/2025 9:48:55,"Cereal, Milk","Pizza, Burger",Mongolian Beef and Rice,8.0
7/8/2025 9:49:04,yogurt,Seared Salmon,Mongolian Beef and Rice,5.0
7/8/2025 9:49:18,"Potato wedges, Nothing, yogurt and sausage",Mongolian Wok,"Mongolian Beef and Rice, the beef was so bad",6.0
7/8/2025 9:49:30,"Scrambled eggs, Potato wedges, Omelets, Parfeit, Nothing, Cereal, Waffles, Ice cream, Milk, I ate the omelette","Chicken and rice, Pizza, Carnitas, Burger, Salad, Seared Salmon, Vegan Nachos, Mongolian Wok, Nothing, I ate the mongolian wok and the salmon and the salad","Mongolian Beef and Rice, Burger, Pizza, Salad, Quesadilla, Soup, Nothing, other",10.0
7/8/2025 9:49:39,"Scrambled eggs, Potato wedges, Omelets, Parfeit, Nothing, Cereal, Waffles, Ice cream, Milk, water","Chicken and rice, Pizza, Carnitas, Burger, Salad, Seared Salmon, Vegan Nachos, Mongolian Wok, Nothing, a cow","Mongolian Beef and Rice, Burger, Pizza, Salad, Quesadilla, Soup, Nothing, toothpaste",7.0
7/8/2025 9:49:46,Milk,Nothing,Nothing,2.0
7/8/2025 9:49:48,"Potato wedges, the eggs are not good because they are made from liquid egg","Carnitas, Burger, Salad, Seared Salmon, Vegan Nachos","Burger, Pizza, Soup, Nothing",6.0
7/8/2025 9:50:04,banana,"Chicken and rice, Carnitas, Seared Salmon","Mongolian Beef and Rice, Pizza, Quesadilla",8.0
7/8/2025 9:50:06,"Potato wedges, Omelets, Nothing","Chicken and rice, Pizza, Carnitas, Burger, Salad, Seared Salmon, Vegan Nachos, Mongolian Wok, Nothing",Mongolian Beef and Rice,1.0
7/8/2025 9:50:09,Parfeit,"Seared Salmon, Fries",Pizza,7.0
7/8/2025 9:50:09,Nothing,Nothing,Nothing,3.0
7/8/2025 9:50:13,Parfeit,Seared Salmon,Pizza,7.0
7/8/2025 9:50:46,"Potato wedges, Omelets, Parfeit",Salad,Salad,6.0
7/8/2025 9:51:14,Milk,Burger,Mongolian Beef and Rice,8.0
7/8/2025 9:51:29,Omelets,,Mongolian Beef and Rice,5.0
7/8/2025 9:51:31,"Scrambled eggs, Potato wedges, Milk, ","Salad, Seared Salmon","Pizza, Salad, Quesadilla, Soup, the squirrels outside hawthorne (marinated, then grilled. the meat was quite tender)",7.0
7/8/2025 9:51:45,nothing,Mongolian Wok,Mongolian Beef and Rice,8.0
7/8/2025 9:52:44,Nerds Bomb Pop,Nerds Bomb Pop,Nerds Bomb Pop,10.0
7/8/2025 9:53:35,Nothingg,Nothingg,Nothingg,1.0
7/8/2025 9:54:55,Milk,Milk,Milk,
7/8/2025 9:55:03,Milk,Milk,Milk,
7/8/2025 9:55:17,"Milk, ",Milk,Milk,
7/8/2025 9:55:33,狗,猫,狗,
7/8/2025 10:01:20,Milk,Milk,Milk,
7/8/2025 10:02:19,Milk,Milk,Chocolate Milk,
